{
    "exact Serial [1]": {
        "s": [
            0,
            1,
            1,
            0,
            1,
            0,
            0,
            1
        ],
        "c": [
            0,
            0,
            0,
            1,
            0,
            1,
            1,
            1
        ],
        "med": [],
        "mred": [],
        "nmed": []
    },
    "Serial Aprox [2]": {
        "s": [
            1,
            1,
            1,
            0,
            1,
            1,
            0,
            0
        ],
        "c": [
            0,
            0,
            0,
            1,
            0,
            0,
            1,
            1
        ],
        "med": [
            0.25,
            0.88,
            2.06,
            4.33,
            8.73,
            16.99,
            30.05,
            30.05
        ],
        "mred": [
            0.002,
            0.00684,
            0.01591,
            0.03292,
            0.06448,
            0.11916,
            0.194,
            0.194
        ],
        "nmed": [
            0.00098,
            0.00343,
            0.00807,
            0.01698,
            0.03422,
            0.06663,
            0.11786,
            0.11786
        ]
    },
    "SIAFA 1 [3]": {
        "s": [
            1,
            1,
            1,
            0,
            1,
            1,
            0,
            0
        ],
        "c": [
            0,
            0,
            0,
            1,
            0,
            0,
            1,
            1
        ],
        "med": [
            0.25,
            0.88,
            2.06,
            4.33,
            8.73,
            16.99,
            30.05,
            30.05
        ],
        "mred": [
            0.002,
            0.00684,
            0.01591,
            0.03292,
            0.06448,
            0.11916,
            0.194,
            0.194
        ],
        "nmed": [
            0.00098,
            0.00343,
            0.00807,
            0.01698,
            0.03422,
            0.06663,
            0.11786,
            0.11786
        ]
    },
    "SIAFA 2 [4]": {
        "s": [
            1,
            1,
            1,
            0,
            1,
            0,
            0,
            0
        ],
        "c": [
            0,
            1,
            0,
            1,
            0,
            1,
            1,
            1
        ],
        "med": [
            0.25,
            1.01,
            2.69,
            6.31,
            14.03,
            30.05,
            58.35,
            58.35
        ],
        "mred": [
            0.002,
            0.00784,
            0.0207,
            0.04768,
            0.10202,
            0.20308,
            0.35108,
            0.35108
        ],
        "nmed": [
            0.00098,
            0.00394,
            0.01054,
            0.02475,
            0.05503,
            0.11783,
            0.22884,
            0.22884
        ]
    },
    "SIAFA 3 [5]": {
        "s": [
            1,
            1,
            1,
            1,
            1,
            0,
            0,
            0
        ],
        "c": [
            0,
            0,
            0,
            0,
            0,
            1,
            1,
            1
        ],
        "med": [
            0.25,
            0.88,
            2.06,
            4.33,
            8.73,
            16.99,
            30.05,
            30.05
        ],
        "mred": [
            0.002,
            0.00684,
            0.01591,
            0.03292,
            0.06448,
            0.11916,
            0.194,
            0.194
        ],
        "nmed": [
            0.00098,
            0.00343,
            0.00807,
            0.01698,
            0.03422,
            0.06663,
            0.11786,
            0.11786
        ]
    },
    "SIAFA 4 [6]": {
        "s": [
            1,
            1,
            1,
            0,
            1,
            0,
            1,
            0
        ],
        "c": [
            0,
            0,
            0,
            1,
            0,
            1,
            0,
            1
        ],
        "med": [
            0.5,
            1.24,
            2.61,
            5.28,
            10.52,
            20.49,
            36.43,
            36.43
        ],
        "mred": [
            0.00389,
            0.00964,
            0.02003,
            0.03974,
            0.07651,
            0.14008,
            0.22647,
            0.22647
        ],
        "nmed": [
            0.00195,
            0.00488,
            0.01025,
            0.02071,
            0.04125,
            0.08034,
            0.14285,
            0.14285
        ]
    },
    "exact Semi Serial [7]": {
        "s": [
            0,
            1,
            1,
            0,
            1,
            0,
            0,
            1
        ],
        "c": [
            0,
            0,
            0,
            1,
            0,
            1,
            1,
            1
        ],
        "med": [],
        "mred": [],
        "nmed": []
    },
    "Serial Aprox [8]": {
        "s": [
            1,
            1,
            1,
            0,
            0,
            0,
            0,
            0
        ],
        "c": [
            0,
            0,
            0,
            1,
            1,
            1,
            1,
            1
        ],
        "med": [
            0.5,
            1.13,
            2.26,
            4.49,
            8.95,
            17.74,
            33.85,
            53.01
        ],
        "mred": [
            0.00394,
            0.00882,
            0.01749,
            0.03419,
            0.06616,
            0.12463,
            0.21972,
            0.31854
        ],
        "nmed": [
            0.00197,
            0.00443,
            0.00887,
            0.01762,
            0.03512,
            0.06958,
            0.13276,
            0.20789
        ]
    },
    "exact parallel [9]": {
        "s": [
            0,
            1,
            1,
            0,
            1,
            0,
            0,
            1
        ],
        "c": [
            0,
            0,
            0,
            1,
            0,
            1,
            1,
            1
        ],
        "med": [],
        "mred": [],
        "nmed": []
    },
    "exact Semi Parallel [10]": {
        "s": [
            0,
            1,
            1,
            0,
            1,
            0,
            0,
            1
        ],
        "c": [
            0,
            0,
            0,
            1,
            0,
            1,
            1,
            1
        ],
        "med": [],
        "mred": [],
        "nmed": []
    },
    "own Aprox [11]": {
        "s": [
            1,
            1,
            1,
            1,
            1,
            1,
            0,
            1
        ],
        "c": [
            0,
            1,
            0,
            1,
            0,
            1,
            1,
            1
        ],
        "med": [
            0.25,
            1.13,
            3.45,
            9.0,
            21.53,
            48.67,
            101.33,
            148.56
        ],
        "mred": [
            0.002,
            0.00881,
            0.0267,
            0.06852,
            0.15913,
            0.33934,
            0.63969,
            0.86519
        ],
        "nmed": [
            0.00098,
            0.00442,
            0.01355,
            0.03529,
            0.08444,
            0.19086,
            0.39735,
            0.58257
        ]
    },
    "C51 paper [13]": {
        "s": [
            1,
            1,
            1,
            0,
            0,
            0,
            0,
            0
        ],