{
    "exact Serial [1]": {
        "s": [
            0,
            1,
            1,
            0,
            1,
            0,
            0,
            1
        ],
        "c": [
            0,
            0,
            0,
            1,
            0,
            1,
            1,
            1
        ],
        "med": [],
        "mred": [],
        "nmed": []
    },
    "Serial Aprox Nr. 2": {
        "s": [
            1,
            1,
            1,
            0,
            1,
            1,
            0,
            0
        ],
        "c": [
            0,
            0,
            0,
            1,
            0,
            0,
            1,
            1
        ],
        "med": [
            0.25098039215686274,
            0.8753305973552211,
            2.0589755281957745,
            4.3289253685970515,
            8.725338197294422,
            16.991275269797843,
            30.053807569539444,
            30.053807569539444
        ],
        "mred": [
            0.0019973821464739734,
            0.006836675811828966,
            0.015908105122750444,
            0.03292417365579851,
            0.06448131626296631,
            0.11916077480075078,
            0.19399873695632,
            0.19399873695632
        ],
        "nmed": [
            0.000984236831987697,
            0.003432669009236161,
            0.008074413836061861,
            0.016976177916066867,
            0.034217012538409496,
            0.06663245203842291,
            0.11785806890015468,
            0.11785806890015468
        ]
    },
    "SIAFA 1 Nr. 3": {
        "s": [
            1,
            1,
            1,
            0,
            1,
            1,
            0,
            0
        ],
        "c": [
            0,
            0,
            0,
            1,
            0,
            0,
            1,
            1
        ],
        "med": [
            0.25098039215686274,
            0.8753305973552211,
            2.0589755281957745,
            4.3289253685970515,
            8.725338197294422,
            16.991275269797843,
            30.053807569539444,
            30.053807569539444
        ],
        "mred": [
            0.0019973821464739734,
            0.006836675811828966,
            0.015908105122750444,
            0.03292417365579851,
            0.06448131626296631,
            0.11916077480075078,
            0.19399873695632,
            0.19399873695632
        ],
        "nmed": [
            0.000984236831987697,
            0.003432669009236161,
            0.008074413836061861,
            0.016976177916066867,
            0.034217012538409496,
            0.06663245203842291,
            0.11785806890015468,
            0.11785806890015468
        ]
    },
    "SIAFA 2 Nr. 4": {
        "s": [
            1,
            1,
            1,
            0,
            1,
            0,
            0,
            0
        ],
        "c": [
            0,
            1,
            0,
            1,
            0,
            1,
            1,
            1
        ],
        "med": [
            0.25098039215686274,
            1.005563155494756,
            2.6867913056695545,
            6.311962304301566,
            14.03313573491412,
            30.047180422556618,
            58.3546435628515,
            58.3546435628515
        ],
        "mred": [
            0.0019973821464739734,
            0.007840677452260926,
            0.020696277385882433,
            0.04768487892360253,
            0.10202281871400867,
            0.20308000985027794,
            0.3510843085990658,
            0.3510843085990658
        ],
        "nmed": [
            0.000984236831987697,
            0.003943384923508847,
            0.010536436492821783,
            0.024752793350202217,
            0.055031904842800475,
            0.11783208008845733,
            0.22884173946216274,
            0.22884173946216274
        ]
    },
    "SIAFA 3 Nr. 5": {
        "s": [
            1,
            1,
            1,
            1,
            1,
            0,
            0,
            0
        ],
        "c": [
            0,
            0,
            0,
            0,
            0,
            1,
            1,
            1
        ],
        "med": [
            0.25098039215686274,
            0.8753305973552211,
            2.0589755281957745,
            4.3289253685970515,
            8.725338197294422,
            16.991275269797843,
            30.053807569539444,
            30.053807569539444
        ],
        "mred": [
            0.0019973821464739734,
            0.0068366758118289656,
            0.01590810512275044,
            0.03292417365579851,
            0.0644813162629663,
            0.11916077480075078,
            0.19399873695632,
            0.19399873695632
        ],
        "nmed": [
            0.000984236831987697,
            0.003432669009236161,
            0.008074413836061861,
            0.016976177916066867,
            0.034217012538409496,
            0.06663245203842291,
            0.11785806890015468,
            0.11785806890015468
        ]
    },
    "SIAFA 4 Nr. 6": {
        "s": [
            1,
            1,
            1,
            0,
            1,
            0,
            1,
            0
        ],
        "c": [
            0,
            0,
            0,
            1,
            0,
            1,
            0,
            1
        ],
        "med": [
            0.49806961544307643,
            1.2449916400668795,
            2.613345493236054,
            5.2800121599027205,
            10.519957440340477,
            20.48621371029032,
            36.42638698890409,
            36.42638698890409
        ],
        "mred": [
            0.0038911688706490346,
            0.009642047958726136,
            0.020033392324880685,
            0.03974162181453431,
            0.07650700996273986,
            0.14008141515944436,
            0.22647050532431823,
            0.22647050532431823
        ],
        "nmed": [
            0.0019532141782081427,
            0.004882320157125018,
            0.010248413698964919,
            0.020705930038834197,
            0.04125473506015873,
            0.08033809298153066,
            0.14284857642707488,
            0.14284857642707488
        ]
    },
    "Serial Approx Nr. 8": {
        "s": [
            1,
            1,
            1,
            0,
            0,
            0,
            0,
            0
        ],
        "c": [
            0,
            0,
            0,
            1,
            1,
            1,
            1,
            1
        ],
        "med": [
            0.5019303845569235,
            1.130232558139535,
            2.2618331053351572,
            4.494087247302022,
            8.954339565283478,
            17.74327405380757,
            33.85362517099863,
            53.011308709530326
        ],
        "mred": [
            0.003942847832748482,
            0.008817809073354827,
            0.017487995576644644,
            0.03418738950928226,
            0.06615650113710107,
            0.12463492808955759,
            0.21972246550862978,
            0.31854171177762935
        ],
        "nmed": [
            0.0019683544492428372,
            0.004432284541723667,
            0.008869933746412382,
            0.017623871558047146,
            0.03511505711875874,
            0.06958146687767675,
            0.13275931439607308,
            0.20788748513541305
        ]
    },
    "own Approx Nr. 11": {
        "s": [
            1,
            1,
            1,
            1,
            1,
            1,
            0,
            1
        ],
        "c": [
            0,
            1,
            0,
            1,
            0,
            1,
            1,
            1
        ],