{
    "blurring": {
        "exact Serial [1]": {
            "ssi": [
                1.0
            ],
            "psnr": [
                Infinity
            ],
            "energy_con": [
                13609139316
            ]
        },
        "Serial Aprox [2]": {
            "ssi": [
                0.9819711179295142,
                0.976004662138388,
                0.9216926498019583,
                0.875719737983274,
                0.7801378195102908,
                0.6536277330712947,
                0.6437957155886719,
                0.627232121633498
            ],
            "psnr": [
                39.547654311258356,
                38.292225915540136,
                30.718579237428536,
                26.868824312596683,
                19.72326388395888,
                9.450918525618642,
                9.294951636537833,
                8.568181220875264
            ],
            "energy_con": [
                11886779028.742687,
                10660780834.594706,
                9511022942.026978,
                8310883297.103378,
                7265488945.937516,
                6284658517.311799,
                5428641011.989574,
                4850228055.78929
            ]
        },
        "SIAFA 1 [3]": {
            "ssi": [
                0.9819711179295142,
                0.976004662138388,
                0.9216926498019583,
                0.875719737983274,
                0.7801378195102908,
                0.6536277330712947,
                0.6437957155886719,
                0.627232121633498
            ],
            "psnr": [
                39.547654311258356,
                38.292225915540136,
                30.718579237428536,
                26.868824312596683,
                19.72326388395888,
                9.450918525618642,
                9.294951636537833,
                8.568181220875264
            ],
            "energy_con": [
                11869134979.228518,
                10637162050.021055,
                9483943878.467743,
                8281074123.517494,
                7236282176.89816,
                6251890756.654628,
                5390617101.041762,
                4802892685.584576
            ]
        },
        "SIAFA 2 [4]": {
            "ssi": [
                0.9819711179295142,
                0.9120737764843646,
                0.6904326500515361,
                0.6590637489133746,
                0.41198644673467055,
                0.3111835032230182,
                0.20150488820246149,
                0.20542488117384694
            ],
            "psnr": [
                39.547654311258356,
                30.918821145561374,
                20.645013887034946,
                20.060613936439697,
                11.08350355902163,
                5.629109397153308,
                4.5830225816678904,
                7.8172536361365115
            ],
            "energy_con": [
                12100975825.07186,
                11132550796.82791,
                10246341048.065697,
                9327184289.581526,
                8577630519.1469,
                7880954308.424046,
                7311530085.983632,
                6590941507.655004
            ]
        },
        "SIAFA 3 [5]": {
            "ssi": [
                0.9819711179295142,
                0.9384829140539985,
                0.8428393167628678,
                0.7329164589628634,
                0.6733798929896396,
                0.6293347353295625,
                0.5652280766311003,
                0.5380213209589336
            ],
            "psnr": [
                39.547654311258356,
                33.462774533022575,
                25.461169251080378,
                20.01120840906308,
                18.299199091484883,
                13.931979801711506,
                9.97603499663317,
                10.568537933910935
            ],
            "energy_con": [
                11864516841.9215,
                10663880891.12225,
                9547758255.418476,
                8381848923.65901,
                7313189398.378326,
                6396899612.839439,
                5571684947.559368,
                4905237776.260491
            ]
        },
        "SIAFA 4 [6]": {
            "ssi": [
                0.9629998480943772,
                0.9213194733519342,
                0.8402933355086681,
                0.6499205950809656,
                0.3777882742068619,
                0.36886523636935187,
                0.3552719926488792,
                0.04662842175052044
            ],
            "psnr": [
                35.713451671711155,
                26.026824869475703,
                18.52080178319069,
                8.506231750339536,
                -2.176034115529505,
                -2.1849643648033092,
                -2.325968291509635,
                -18.375296694010125
            ],
            "energy_con": [
                11798744606.797539,
                10569631209.368256,
                9347440574.200317,
                8074206636.385858,
                6892446039.687828,
                6021392278.048232,
                5192755823.101688,
                4340743772.869881
            ]
        },
        "exact Semi Serial [7]": {
            "ssi": [
                1.0
            ],
            "psnr": [
                Infinity
            ],
            "energy_con": [
                15971486986.403097
            ]
        },
        "Serial Aprox [8]": {
            "ssi": [
                0.9719212349744463,
                0.9147626290337754,
                0.8157781580602846,
                0.7007780220985644,
                0.5802941544319101,
                0.47243337763712145,
                0.3316132367220175,
                0.1831615357103381
            ],
            "psnr": [
                33.33077612889707,
                29.271383197628253,
                21.844570736378834,
                14.46566237884879,
                6.28809316195559,
                0.3033070308912369,
                -1.0403552549506472,
                -1.3409819343160456
            ],
            "energy_con": [
                11987095936.88718,
                10921954210.676994,
                9904909299.746216,
                8871100163.75475,
                8026810449.382171,
                7211372367.964802,
                6590833807.0468445,
                6081733386.660341
            ]
        },
        "exact parallel [9]": {
            "ssi": [
                1.0
            ],
            "psnr": [
                Infinity
            ],
            "energy_con": [
                5487840919.87038
            ]
        },
        "exact Semi Parallel [10]": {
            "ssi": [
                1.0
            ],
            "psnr": [
                Infinity
            ],
            "energy_con": [
                13042418317.100748
            ]
        },
        "own Aprox [11]": {
            "ssi": [
                0.9819711179295142,
                0.8933461955254522,
                0.7764093415901763,
                0.6813122259994576,
                0.5307175811026963,
                0.3480873417626216,
                0.207080690516039,
                0.13119893241645741
            ],
            "psnr": [
                39.547654311258356,
                27.62347055976978,
                18.38405495946428,
                11.504555134963795,
                6.994026412618911,
                4.340391942669669,
                3.033508494444197,
                2.425540119745557
            ],
            "energy_con": [
                11795384950.751072,
                10548189143.769527,
                9339098064.350948,
                8240254682.130012,
                7236943444.53397,
                6275875351.788039,
                5499007590.678099,
                4840734181.23826
            ]
        },