Bit,Total Energy
0,40293298789.658676
1,37161615318.54542
2,32854752042.72466
3,30101673390.608627
4,26244698517.101753
5,22873014220.97408
6,19415097965.36
7,16521378837.46971
8,14020651624.844639
